City_ID,City,Lat,Lng,Max Temp,Humidity,Cloudiness,Wind Speed,Country,Date,Current Description
0,Chapais,49.7834,-74.8492,38.98,70,100,6.38,CA,2021-10-26 23:27:31,overcast clouds
1,Yulara,-25.2406,130.9889,84.04,37,34,13.8,AU,2021-10-26 23:27:32,scattered clouds
2,East London,-33.0153,27.9116,66.9,85,94,20.42,ZA,2021-10-26 23:27:32,light rain
3,Mar Del Plata,-38.0023,-57.5575,62.87,69,0,4.0,AR,2021-10-26 23:27:33,clear sky
4,Shakawe,-18.3667,21.85,71.87,69,72,5.19,BW,2021-10-26 23:27:33,broken clouds
5,Aklavik,68.2191,-135.0107,27.43,86,90,0.0,CA,2021-10-26 23:27:34,light snow
6,Xam Nua,20.4197,104.0439,57.67,99,95,1.97,LA,2021-10-26 23:27:34,overcast clouds
7,Hermanus,-34.4187,19.2345,66.9,82,100,16.64,ZA,2021-10-26 23:27:35,overcast clouds
8,Nanakuli,21.3906,-158.1547,86.04,51,20,12.66,US,2021-10-26 23:27:35,few clouds
9,Port-Gentil,-0.7193,8.7815,76.96,94,90,9.22,GA,2021-10-26 23:27:35,overcast clouds
10,Peace River,56.2501,-117.286,53.91,62,20,6.91,CA,2021-10-26 23:26:24,few clouds
11,Chengde,40.9725,117.9361,42.28,55,0,4.25,CN,2021-10-26 23:27:36,clear sky
12,Kavieng,-2.5744,150.7967,84.18,68,87,5.88,PG,2021-10-26 23:27:37,overcast clouds
13,Geraldton,-28.7667,114.6,63.01,67,40,19.57,AU,2021-10-26 23:27:38,scattered clouds
14,Hays,30.0502,-98.0336,81.01,80,97,11.01,US,2021-10-26 23:27:38,overcast clouds
15,Port Alfred,-33.5906,26.891,66.6,84,92,26.89,ZA,2021-10-26 23:27:39,overcast clouds
16,Airai,-8.9266,125.4092,69.58,57,82,1.79,TL,2021-10-26 23:27:39,broken clouds
17,Ushuaia,-54.8,-68.3,42.46,65,20,20.71,AR,2021-10-26 23:27:08,light rain
18,Kapaa,22.0752,-159.319,84.18,70,1,3.0,US,2021-10-26 23:27:04,clear sky
19,Bluff,-46.6,168.3333,56.08,81,79,2.71,NZ,2021-10-26 23:24:00,broken clouds
20,Manzhouli,49.6,117.4333,32.07,79,0,7.9,CN,2021-10-26 23:27:40,clear sky
21,Havoysund,70.9963,24.6622,32.88,62,93,27.72,NO,2021-10-26 23:27:41,overcast clouds
22,Canaries,28.0,-15.5,64.36,71,40,5.01,ES,2021-10-26 23:27:41,scattered clouds
23,Atar,20.5169,-13.0499,84.15,31,63,10.78,MR,2021-10-26 23:27:42,broken clouds
24,Rikitea,-23.1203,-134.9692,73.74,86,100,16.17,PF,2021-10-26 23:26:34,moderate rain
25,Abancay,-13.6339,-72.8814,65.71,58,67,6.82,PE,2021-10-26 23:27:42,broken clouds
26,Leningradskiy,69.3833,178.4167,9.03,94,100,22.64,RU,2021-10-26 23:27:43,light snow
27,Igrim,63.1906,64.4162,25.07,60,65,10.78,RU,2021-10-26 23:27:43,broken clouds
28,Karratha,-20.7377,116.8463,73.36,28,0,9.28,AU,2021-10-26 23:27:44,clear sky
29,Lavrentiya,65.5833,-171.0,13.89,74,53,6.29,RU,2021-10-26 23:27:44,broken clouds
30,Faanui,-16.4833,-151.75,78.48,77,83,6.17,PF,2021-10-26 23:25:43,light rain
31,Anadyr,64.75,177.4833,1.9,85,75,8.95,RU,2021-10-26 23:27:45,broken clouds
32,New Norfolk,-42.7826,147.0587,61.92,57,6,1.99,AU,2021-10-26 23:26:09,clear sky
33,Albany,42.6001,-73.9662,54.81,94,100,1.01,US,2021-10-26 23:27:45,moderate rain
34,Vaini,-21.2,-175.2,77.16,83,40,14.97,TO,2021-10-26 23:27:46,scattered clouds
35,Livani,56.3543,26.1758,43.43,92,100,8.59,LV,2021-10-26 23:27:46,overcast clouds
36,Porto Novo,6.4965,2.6036,76.82,83,84,5.12,BJ,2021-10-26 23:26:30,broken clouds
37,Prince Rupert,54.3161,-130.3201,47.89,78,100,21.85,CA,2021-10-26 23:27:47,light rain
38,Yatou,37.15,122.3833,54.32,48,0,9.37,CN,2021-10-26 23:27:47,clear sky
39,Mataura,-46.1927,168.8643,64.4,62,84,2.21,NZ,2021-10-26 23:27:48,broken clouds
40,Bredasdorp,-34.5322,20.0403,64.0,85,100,15.93,ZA,2021-10-26 23:27:48,overcast clouds
41,Buala,-8.145,159.5921,85.96,66,51,5.68,SB,2021-10-26 23:27:49,broken clouds
42,Punta Arenas,-53.15,-70.9167,46.51,57,0,19.57,CL,2021-10-26 23:27:49,clear sky
43,Chokurdakh,70.6333,147.9167,-4.94,97,97,4.94,RU,2021-10-26 23:27:50,overcast clouds
44,Busselton,-33.65,115.3333,51.04,91,100,9.06,AU,2021-10-26 23:27:50,overcast clouds
45,Rondonopolis,-16.4708,-54.6356,78.57,76,83,2.62,BR,2021-10-26 23:23:41,broken clouds
46,San Quintin,30.4833,-115.95,65.64,61,0,21.47,MX,2021-10-26 23:27:51,clear sky
47,Cayenne,4.9333,-52.3333,81.09,86,75,5.01,GF,2021-10-26 23:27:51,broken clouds
48,Ca Mau,9.1769,105.15,74.77,87,99,3.85,VN,2021-10-26 23:27:52,overcast clouds
49,Chuy,-33.6971,-53.4616,70.0,77,0,7.23,UY,2021-10-26 23:27:52,clear sky
50,Kruisfontein,-34.0033,24.7314,64.89,79,98,18.32,ZA,2021-10-26 23:27:53,overcast clouds
51,Esperance,-33.8667,121.9,55.24,75,8,10.98,AU,2021-10-26 23:23:56,clear sky
52,Tupik,54.4253,119.9327,29.12,78,22,3.51,RU,2021-10-26 23:27:55,few clouds
53,Praia,14.9215,-23.5087,79.34,78,0,16.11,CV,2021-10-26 23:27:55,clear sky
54,Emerald,-23.5333,148.1667,85.98,45,40,11.5,AU,2021-10-26 23:27:02,scattered clouds
55,Ngama,11.7833,17.1667,85.15,48,69,8.12,TD,2021-10-26 23:27:56,broken clouds
56,Upernavik,72.7868,-56.1549,15.51,48,34,5.17,GL,2021-10-26 23:23:58,scattered clouds
57,Yellowknife,62.456,-114.3525,40.41,100,90,5.75,CA,2021-10-26 23:27:57,light rain
58,Palmer,42.1584,-72.3287,57.47,79,90,5.01,US,2021-10-26 23:27:57,overcast clouds
59,Tecoanapa,16.5167,-98.75,82.99,78,82,6.22,MX,2021-10-26 23:27:58,broken clouds
60,Ibra,22.6906,58.5334,72.59,80,0,3.94,OM,2021-10-26 23:27:58,clear sky
61,Butaritari,3.0707,172.7902,82.62,74,27,11.45,KI,2021-10-26 23:27:58,scattered clouds
62,Kachug,53.9606,105.8817,31.96,90,72,2.42,RU,2021-10-26 23:27:59,broken clouds
63,Saint Anthony,45.0205,-93.218,55.15,51,1,1.99,US,2021-10-26 23:28:01,clear sky
64,Hilo,19.7297,-155.09,82.13,70,1,13.8,US,2021-10-26 23:23:59,clear sky
65,Avera,33.194,-82.5271,66.7,53,0,7.14,US,2021-10-26 23:28:01,clear sky
66,Cabo San Lucas,22.8909,-109.9124,87.62,57,1,14.97,MX,2021-10-26 23:28:02,clear sky
67,Nizhnyaya Tavda,57.6731,66.1725,29.01,77,92,7.16,RU,2021-10-26 23:28:02,overcast clouds
68,Aripuana,-9.1667,-60.6333,73.96,82,73,2.75,BR,2021-10-26 23:28:03,light rain
69,Salalah,17.0151,54.0924,73.49,49,0,4.61,OM,2021-10-26 23:28:03,clear sky
70,Tiksi,71.6872,128.8694,13.93,95,100,1.25,RU,2021-10-26 23:26:29,overcast clouds
71,Avarua,-21.2078,-159.775,78.85,65,20,13.8,CK,2021-10-26 23:25:47,few clouds
72,Grindavik,63.8424,-22.4338,45.07,76,75,27.63,IS,2021-10-26 23:28:04,broken clouds
73,Nanortalik,60.1432,-45.2371,35.78,68,93,2.39,GL,2021-10-26 23:28:05,overcast clouds
74,Wilmington,34.2257,-77.9447,66.9,62,0,1.01,US,2021-10-26 23:24:22,clear sky
75,Portland,45.5234,-122.6762,57.24,88,90,1.99,US,2021-10-26 23:23:42,light rain
76,Dikson,73.5069,80.5464,13.03,89,100,8.3,RU,2021-10-26 23:27:01,overcast clouds
77,Magadan,59.5667,150.8,24.62,78,59,7.47,RU,2021-10-26 23:28:06,broken clouds
78,Shillong,25.5689,91.8831,54.63,80,0,0.76,IN,2021-10-26 23:28:06,clear sky
79,Saskylakh,71.9167,114.0833,1.18,98,100,1.59,RU,2021-10-26 23:26:03,overcast clouds
80,Kodiak,57.79,-152.4072,40.51,48,90,26.46,US,2021-10-26 23:28:07,overcast clouds
81,Hingatungan,10.584,125.1852,80.49,84,100,7.92,PH,2021-10-26 23:28:07,light rain
82,Zalari,53.5584,102.5065,36.14,74,71,5.26,RU,2021-10-26 23:28:08,broken clouds
83,Carnarvon,-24.8667,113.6333,68.07,56,90,10.36,AU,2021-10-26 23:28:09,overcast clouds
84,Niono,14.2526,-5.993,91.18,29,85,4.68,ML,2021-10-26 23:28:09,overcast clouds
85,Trairi,-3.2778,-39.2689,80.17,75,8,12.35,BR,2021-10-26 23:27:28,clear sky
86,Barrow,71.2906,-156.7887,24.82,86,90,3.44,US,2021-10-26 23:23:52,overcast clouds
87,Itarema,-2.9248,-39.9167,80.13,77,5,17.0,BR,2021-10-26 23:28:10,clear sky
88,Cidreira,-30.1811,-50.2056,69.24,71,0,9.98,BR,2021-10-26 23:28:11,clear sky
89,Ponta Do Sol,32.6667,-17.1,70.43,66,18,6.11,PT,2021-10-26 23:28:11,few clouds
90,Coihaique,-45.5752,-72.0662,55.35,54,75,6.91,CL,2021-10-26 23:24:02,broken clouds
91,Saurimo,-9.6608,20.3916,64.47,96,100,3.24,AO,2021-10-26 23:28:12,overcast clouds
92,Codrington,-38.2667,141.9667,64.89,53,0,15.52,AU,2021-10-26 23:28:12,clear sky
93,Amahai,-3.3333,128.9167,81.97,78,69,2.53,ID,2021-10-26 23:28:13,broken clouds
94,Vao,-22.6667,167.4833,72.39,85,100,10.29,NC,2021-10-26 23:28:13,overcast clouds
95,Barabai,-2.5833,115.3833,76.37,91,100,0.83,ID,2021-10-26 23:28:14,overcast clouds
96,Jamestown,42.097,-79.2353,44.19,96,90,5.99,US,2021-10-26 23:23:18,overcast clouds
97,Oranjemund,-28.55,16.4333,59.65,92,30,8.21,NA,2021-10-26 23:28:14,scattered clouds
98,Mahebourg,-20.4081,57.7,73.26,76,15,14.43,MU,2021-10-26 23:27:18,few clouds
99,Atuona,-9.8,-139.0333,77.52,70,5,13.85,PF,2021-10-26 23:28:15,clear sky
100,Teya,60.3778,92.6267,34.0,87,93,17.87,RU,2021-10-26 23:27:52,overcast clouds
101,Katsuura,35.1333,140.3,62.19,76,100,11.72,JP,2021-10-26 23:28:15,overcast clouds
102,Darab,28.7519,54.5444,62.26,22,0,4.05,IR,2021-10-26 23:28:16,clear sky
103,Saint-Philippe,-21.3585,55.7679,71.19,77,31,11.54,RE,2021-10-26 23:26:31,scattered clouds
104,Nikolskoye,59.7035,30.7861,44.4,92,100,7.85,RU,2021-10-26 23:28:16,light rain
105,Qaqortoq,60.7167,-46.0333,36.1,62,25,6.33,GL,2021-10-26 23:28:17,scattered clouds
106,Constitucion,-35.3333,-72.4167,56.19,84,22,16.84,CL,2021-10-26 23:27:41,few clouds
107,Mastic Beach,40.7668,-72.8521,61.54,90,90,11.99,US,2021-10-26 23:28:18,moderate rain
108,Panlaitan,12.1191,119.8486,82.04,76,77,5.08,PH,2021-10-26 23:28:18,broken clouds
109,Bac Lieu,9.285,105.7244,76.24,85,100,5.93,VN,2021-10-26 23:28:19,overcast clouds
110,Innisfail,-17.5333,146.0333,86.88,57,51,6.02,AU,2021-10-26 23:26:26,broken clouds
111,Inhambane,-23.865,35.3833,71.53,82,6,10.71,MZ,2021-10-26 23:28:19,clear sky
112,Sabang,5.8933,95.3214,80.83,77,96,10.56,ID,2021-10-26 23:28:20,overcast clouds
113,Vanimo,-2.6741,141.3028,80.13,88,70,6.69,PG,2021-10-26 23:23:45,broken clouds
114,Khatanga,71.9667,102.5,-8.18,100,97,2.82,RU,2021-10-26 23:28:20,overcast clouds
115,Ratnagiri,16.9833,73.3,74.89,65,1,5.84,IN,2021-10-26 23:28:21,clear sky
116,Hobart,-42.8794,147.3294,62.26,64,0,4.0,AU,2021-10-26 23:28:21,clear sky
117,Qaanaaq,77.484,-69.3632,18.91,95,100,14.18,GL,2021-10-26 23:25:54,light snow
118,Novyy Urengoy,66.0833,76.6333,19.53,94,100,13.35,RU,2021-10-26 23:28:22,overcast clouds
119,Souillac,-20.5167,57.5167,73.36,79,7,12.17,MU,2021-10-26 23:28:23,clear sky
120,Georgetown,5.4112,100.3354,78.73,92,20,0.0,MY,2021-10-26 23:24:33,few clouds
121,Tasiilaq,65.6145,-37.6368,37.56,82,100,7.9,GL,2021-10-26 23:28:23,overcast clouds
122,Moberly,39.4184,-92.4382,61.05,52,90,11.5,US,2021-10-26 23:28:24,overcast clouds
123,Taoudenni,22.6783,-3.9836,88.88,16,93,7.9,ML,2021-10-26 23:28:24,overcast clouds
124,Nhulunbuy,-12.2333,136.7667,88.41,62,40,10.36,AU,2021-10-26 23:25:17,scattered clouds
125,Cape Town,-33.9258,18.4232,67.12,62,0,3.0,ZA,2021-10-26 23:25:11,clear sky
126,Kaitangata,-46.2817,169.8464,60.55,70,93,3.62,NZ,2021-10-26 23:26:40,overcast clouds
127,Ostrovnoy,68.0531,39.5131,30.69,88,100,14.94,RU,2021-10-26 23:28:26,light snow
128,Moron,-34.6534,-58.6198,84.99,46,5,5.77,AR,2021-10-26 23:25:03,clear sky
129,Whitehorse,60.7161,-135.0538,32.09,92,90,3.0,CA,2021-10-26 23:28:27,overcast clouds
130,Bestobe,52.4994,73.0975,27.77,63,39,5.93,KZ,2021-10-26 23:28:27,scattered clouds
131,Tuktoyaktuk,69.4541,-133.0374,28.4,100,90,3.44,CA,2021-10-26 23:25:49,overcast clouds
132,Ikwiriri,-7.9562,38.9716,72.84,95,76,3.38,TZ,2021-10-26 23:28:28,broken clouds
133,Gravdal,68.1214,13.5031,42.62,85,100,3.58,NO,2021-10-26 23:28:28,overcast clouds
134,Namatanai,-3.6667,152.4333,84.97,67,52,5.97,PG,2021-10-26 23:26:38,light rain
135,Sitka,57.0531,-135.33,51.69,54,75,13.8,US,2021-10-26 23:28:29,light rain
136,Lebu,-37.6167,-73.65,53.37,81,0,16.58,CL,2021-10-26 23:28:30,clear sky
137,Hithadhoo,-0.6,73.0833,83.01,73,100,16.78,MV,2021-10-26 23:27:29,overcast clouds
138,Biscarrosse,44.3945,-1.1672,53.35,100,90,3.44,FR,2021-10-26 23:28:30,fog
139,Jinchang,38.4953,102.1739,38.32,80,26,4.09,CN,2021-10-26 23:28:31,scattered clouds
140,Chumikan,54.7183,135.315,36.19,98,100,1.95,RU,2021-10-26 23:28:31,light rain
141,Saldanha,-33.0117,17.9442,65.66,63,57,9.26,ZA,2021-10-26 23:26:13,broken clouds
142,Baiyin,36.5583,104.2081,40.08,69,51,1.05,CN,2021-10-26 23:28:32,broken clouds
143,Ambon,-3.6954,128.1814,80.74,89,20,3.44,ID,2021-10-26 23:28:32,few clouds
144,Torbay,47.6666,-52.7314,40.39,91,90,3.44,CA,2021-10-26 23:26:09,overcast clouds
145,Athabasca,54.7169,-113.2854,53.29,44,54,5.57,CA,2021-10-26 23:28:33,broken clouds
146,Qianan,44.9932,124.0581,38.3,53,45,9.13,CN,2021-10-26 23:28:33,scattered clouds
147,Grand Gaube,-20.0064,57.6608,73.38,72,3,7.0,MU,2021-10-26 23:28:34,light rain
148,Pevek,69.7008,170.3133,10.65,93,100,13.02,RU,2021-10-26 23:26:52,overcast clouds
149,Kastamonu,41.5,33.6667,35.56,84,0,0.96,TR,2021-10-26 23:28:34,clear sky
150,Saint-Pierre,-21.3393,55.4781,71.28,55,0,5.75,RE,2021-10-26 23:26:05,clear sky
151,Tautira,-17.7333,-149.15,84.22,81,47,10.87,PF,2021-10-26 23:28:35,light rain
152,Luderitz,-26.6481,15.1594,57.25,94,4,2.66,NA,2021-10-26 23:28:36,clear sky
153,Leh,34.1667,77.5833,28.42,65,98,1.03,IN,2021-10-26 23:28:36,overcast clouds
154,Srednekolymsk,67.45,153.6833,-7.82,99,24,3.13,RU,2021-10-26 23:28:37,few clouds
155,Riyadh,24.6877,46.7219,77.14,22,0,9.8,SA,2021-10-26 23:25:52,clear sky
156,Padang,-0.9492,100.3543,75.25,89,100,4.23,ID,2021-10-26 23:28:37,moderate rain
157,Vigrestad,58.5667,5.7,52.81,97,100,17.49,NO,2021-10-26 23:28:38,moderate rain
158,Port Lincoln,-34.7333,135.8667,66.58,69,99,4.03,AU,2021-10-26 23:28:38,overcast clouds
159,Inuvik,68.3499,-133.7218,27.46,93,90,0.0,CA,2021-10-26 23:28:39,overcast clouds
160,Otradnoye,59.7775,30.8181,44.56,92,100,7.87,RU,2021-10-26 23:28:39,light rain
161,Vila Franca Do Campo,37.7167,-25.4333,70.21,86,32,13.6,PT,2021-10-26 23:28:40,scattered clouds
162,Kaseda,31.4167,130.3167,56.43,67,53,8.34,JP,2021-10-26 23:28:40,broken clouds
163,Arraial Do Cabo,-22.9661,-42.0278,73.36,94,90,6.91,BR,2021-10-26 23:27:17,light rain
164,Dingle,10.9995,122.6711,78.22,90,100,6.15,PH,2021-10-26 23:26:32,overcast clouds
165,Hamilton,39.1834,-84.5333,53.04,68,1,6.91,US,2021-10-26 23:28:41,clear sky
166,Carutapera,-1.195,-46.02,80.06,76,13,10.2,BR,2021-10-26 23:28:41,few clouds
167,Sao Jose De Ribamar,-2.5619,-44.0542,82.78,78,7,14.58,BR,2021-10-26 23:28:42,clear sky
168,Fez,34.0372,-4.9998,62.85,55,0,5.75,MA,2021-10-26 23:25:04,clear sky
169,Acarau,-2.8856,-40.12,80.24,77,5,18.1,BR,2021-10-26 23:28:42,clear sky
170,Bambous Virieux,-20.3428,57.7575,73.22,76,22,14.72,MU,2021-10-26 23:28:43,light rain
171,Dungarpur,23.8333,73.7167,69.87,61,23,6.4,IN,2021-10-26 23:28:43,few clouds
172,Koslan,63.4564,48.8989,26.53,94,100,8.93,RU,2021-10-26 23:28:44,light snow
173,Zastron,-30.3023,27.084,58.57,50,51,5.14,ZA,2021-10-26 23:28:44,broken clouds
174,Pozo Colorado,-23.4923,-58.7972,75.96,41,0,4.63,PY,2021-10-26 23:28:45,clear sky
175,Longyearbyen,78.2186,15.6401,15.64,79,75,12.66,SJ,2021-10-26 23:28:45,broken clouds
176,Maroantsetra,-15.4333,49.7333,70.84,86,44,1.23,MG,2021-10-26 23:28:45,scattered clouds
177,La Macarena,2.1837,-73.7849,72.82,98,100,1.19,CO,2021-10-26 23:28:46,moderate rain
178,Miri,4.4148,114.0089,78.94,89,20,4.61,MY,2021-10-26 23:28:47,few clouds
179,Lenger,42.183,69.8839,45.84,43,100,3.27,KZ,2021-10-26 23:28:48,overcast clouds
180,Vicuna,-30.0319,-70.7081,73.78,54,1,3.74,CL,2021-10-26 23:28:48,clear sky
181,Tual,-5.6667,132.75,83.91,75,88,9.84,ID,2021-10-26 23:28:50,light rain
182,Labuhan,-6.8844,112.2051,79.75,80,93,9.24,ID,2021-10-26 23:28:50,overcast clouds
183,Muros,42.7762,-9.0603,61.84,95,69,4.14,ES,2021-10-26 23:28:51,broken clouds
184,Vila Velha,-20.3297,-40.2925,75.15,94,20,5.75,BR,2021-10-26 23:27:35,few clouds
185,Shirokiy,49.758,129.523,35.69,83,99,4.23,RU,2021-10-26 23:28:51,overcast clouds
186,Arlit,18.7369,7.3853,85.46,12,0,5.3,NE,2021-10-26 23:28:52,clear sky
187,Nabire,-3.3667,135.4833,79.97,82,39,1.66,ID,2021-10-26 23:28:52,light rain
188,Severo-Kurilsk,50.6789,156.125,45.39,82,100,2.64,RU,2021-10-26 23:28:53,overcast clouds
189,Coahuayana,18.7333,-103.6833,87.28,72,100,4.25,MX,2021-10-26 23:27:03,overcast clouds
190,Nara,34.6851,135.8049,62.98,84,97,1.74,JP,2021-10-26 23:28:53,overcast clouds
191,Sioux Lookout,50.1001,-91.917,39.58,65,75,8.05,CA,2021-10-26 23:28:54,broken clouds
192,Naryan-Mar,67.6713,53.087,15.28,90,15,3.0,RU,2021-10-26 23:28:54,few clouds
193,Norman Wells,65.282,-126.8329,28.44,86,90,3.44,CA,2021-10-26 23:28:55,light snow
194,San Rafael Del Sur,11.8485,-86.4384,85.17,80,99,3.47,NI,2021-10-26 23:28:55,overcast clouds
195,Bandarbeyla,9.4942,50.8122,77.0,81,54,3.09,SO,2021-10-26 23:28:56,broken clouds
196,Port Elizabeth,-33.918,25.5701,67.1,88,90,18.41,ZA,2021-10-26 23:28:56,overcast clouds
197,Kavaratti,10.5669,72.642,81.55,75,71,14.83,IN,2021-10-26 23:28:57,broken clouds
198,Dalbandin,28.8947,64.4101,61.47,17,0,6.89,PK,2021-10-26 23:28:57,clear sky
199,Lompoc,34.6391,-120.4579,75.56,59,1,13.8,US,2021-10-26 23:28:56,clear sky
200,Solnechnyy,50.7214,136.6319,39.15,89,100,1.79,RU,2021-10-26 23:26:58,overcast clouds
201,Yamasaki,35.0,134.55,63.34,76,100,0.85,JP,2021-10-26 23:28:59,overcast clouds
202,Ancud,-41.8697,-73.8203,53.42,91,93,7.43,CL,2021-10-26 23:29:00,overcast clouds
203,Kifri,34.6959,44.9661,70.77,26,8,5.73,IQ,2021-10-26 23:29:00,clear sky
204,Terdal,16.5,75.05,68.25,64,0,7.67,IN,2021-10-26 23:29:01,clear sky
205,Cherskiy,68.75,161.3,-17.77,100,96,4.36,RU,2021-10-26 23:29:02,overcast clouds
206,Inta,66.0317,60.1659,13.42,96,91,8.25,RU,2021-10-26 23:29:03,overcast clouds
207,Bethel,41.3712,-73.414,60.51,93,100,3.0,US,2021-10-26 23:29:03,moderate rain
208,Ouahigouya,13.5828,-2.4216,86.29,23,44,6.82,BF,2021-10-26 23:29:03,scattered clouds
209,Marsa Matruh,31.3525,27.2453,68.2,83,20,5.75,EG,2021-10-26 23:29:04,few clouds
210,Peraiyur,9.7358,77.7896,75.42,87,89,2.55,IN,2021-10-26 23:29:04,overcast clouds
211,Castro,-24.7911,-50.0119,60.75,80,100,5.3,BR,2021-10-26 23:26:37,overcast clouds
212,Port Moresby,-9.4431,147.1797,83.62,74,40,3.44,PG,2021-10-26 23:29:05,haze
213,Sambhar,26.9167,75.2,64.56,45,0,5.01,IN,2021-10-26 23:29:05,clear sky
214,Kungurtug,50.5994,97.5228,30.34,56,10,3.24,RU,2021-10-26 23:29:06,clear sky
215,Arnedo,42.2167,-2.1,48.6,74,18,2.55,ES,2021-10-26 23:29:06,few clouds
216,Fortuna Foothills,32.6578,-114.4119,78.89,17,1,5.01,US,2021-10-26 23:29:07,clear sky
217,Nantucket,41.2835,-70.0995,60.94,89,90,28.77,US,2021-10-26 23:29:07,light rain
218,Kamenka,51.3223,42.7678,33.24,56,93,8.81,RU,2021-10-26 23:27:33,overcast clouds
219,Saint George,37.1041,-113.5841,64.63,36,90,4.0,US,2021-10-26 23:27:17,overcast clouds
220,Cairns,-16.9167,145.7667,89.11,61,40,5.75,AU,2021-10-26 23:25:17,scattered clouds
221,Matara,5.9485,80.5353,74.71,90,100,6.6,LK,2021-10-26 23:29:08,overcast clouds
222,Jiaocheng,24.6774,116.1389,67.59,81,96,2.75,CN,2021-10-26 23:29:09,overcast clouds
223,Meulaboh,4.1363,96.1285,75.38,90,100,5.08,ID,2021-10-26 23:29:09,overcast clouds
224,Puerto Ayora,-0.7393,-90.3518,68.56,91,93,1.99,EC,2021-10-26 23:29:10,overcast clouds
225,Nikolayevsk-Na-Amure,53.1406,140.73,36.59,84,51,2.19,RU,2021-10-26 23:29:10,broken clouds
226,Amuntai,-2.4177,115.2494,75.96,94,99,0.89,ID,2021-10-26 23:29:11,overcast clouds
227,Shimoda,34.6667,138.95,64.76,75,79,3.76,JP,2021-10-26 23:29:11,broken clouds
228,Nizhneudinsk,54.9076,99.0276,40.57,61,95,3.13,RU,2021-10-26 23:29:12,overcast clouds
229,Litovko,49.2361,135.1742,42.24,89,95,3.2,RU,2021-10-26 23:29:12,light rain
230,Nishihara,26.1842,127.7558,74.48,70,20,5.75,JP,2021-10-26 23:29:13,few clouds
231,Marathon,44.9,-89.7668,47.19,68,1,0.0,US,2021-10-26 23:29:13,clear sky
232,Careiro Da Varzea,-3.2003,-59.8119,83.01,90,100,3.36,BR,2021-10-26 23:29:13,light rain
233,Herat,34.5,62.0,50.11,35,0,8.23,AF,2021-10-26 23:29:14,clear sky
234,Oistins,13.0667,-59.5333,82.49,69,20,14.97,BB,2021-10-26 23:24:42,few clouds
235,Mizdah,31.4451,12.9801,62.51,76,99,10.47,LY,2021-10-26 23:29:15,overcast clouds
236,Onega,63.9061,38.1404,40.39,98,100,10.85,RU,2021-10-26 23:29:15,light rain
237,Sinegorskiy,48.0139,40.8447,31.51,49,38,3.58,RU,2021-10-26 23:29:15,scattered clouds
238,Nouadhibou,20.931,-17.0347,67.98,88,93,14.97,MR,2021-10-26 23:29:16,overcast clouds
239,Tura,25.5198,90.2201,65.43,93,0,3.69,IN,2021-10-26 23:27:15,clear sky
240,Sangar,63.9242,127.4739,20.91,96,100,5.37,RU,2021-10-26 23:29:17,overcast clouds
241,Beringovskiy,63.05,179.3167,8.42,87,100,21.63,RU,2021-10-26 23:26:04,overcast clouds
242,San Policarpo,12.1791,125.5072,81.27,83,81,11.07,PH,2021-10-26 23:29:17,broken clouds
243,Antofagasta,-23.65,-70.4,60.08,77,3,1.68,CL,2021-10-26 23:29:18,clear sky
244,Pestravka,52.405,49.9583,32.7,66,58,11.74,RU,2021-10-26 23:29:18,broken clouds
245,Kahului,20.8947,-156.47,85.96,74,20,19.57,US,2021-10-26 23:26:19,few clouds
246,Popondetta,-8.7537,148.2534,86.65,57,62,2.64,PG,2021-10-26 23:29:19,broken clouds
247,Kandrian,-6.2167,149.55,84.6,72,88,5.97,PG,2021-10-26 23:29:20,overcast clouds
248,Galesong,-5.3166,119.3661,78.82,77,100,3.04,ID,2021-10-26 23:29:20,overcast clouds
249,Tlacotepec,20.0667,-97.8667,72.0,88,42,3.4,MX,2021-10-26 23:29:20,scattered clouds
250,Solnechnogorsk,56.1833,36.9833,37.33,77,100,10.33,RU,2021-10-26 23:29:21,overcast clouds
251,Hida,47.0667,23.2833,33.66,62,2,2.28,RO,2021-10-26 23:29:21,clear sky
252,Nome,64.5011,-165.4064,24.87,74,90,8.05,US,2021-10-26 23:29:22,light snow
253,Tonj,7.2737,28.6822,70.72,94,97,2.48,SS,2021-10-26 23:29:22,moderate rain
254,Bure,10.7,37.0667,57.97,85,97,4.68,ET,2021-10-26 23:29:22,overcast clouds
255,Narsaq,60.9167,-46.05,35.82,59,13,7.4,GL,2021-10-26 23:29:23,few clouds
256,Sisimiut,66.9395,-53.6735,20.23,60,67,10.16,GL,2021-10-26 23:29:24,broken clouds
257,Namibe,-15.1961,12.1522,64.33,76,31,6.82,AO,2021-10-26 23:29:24,scattered clouds
258,Kralendijk,12.15,-68.2667,82.38,83,75,16.11,BQ,2021-10-26 23:29:24,broken clouds
259,Rio Grande,-32.035,-52.0986,68.97,76,0,7.05,BR,2021-10-26 23:27:37,clear sky
260,Naklo Nad Notecia,53.1421,17.6018,47.44,94,65,7.74,PL,2021-10-26 23:29:25,broken clouds
261,Ilulissat,69.2167,-51.1,12.22,57,19,4.61,GL,2021-10-26 23:26:20,few clouds
262,Puerto Escondido,15.85,-97.0667,86.83,54,75,9.22,MX,2021-10-26 23:29:26,broken clouds
263,Mackay,-21.15,149.2,85.05,54,40,8.05,AU,2021-10-26 23:29:26,scattered clouds
264,Takaka,-40.85,172.8,60.57,48,100,9.13,NZ,2021-10-26 23:29:27,overcast clouds
265,Gamboma,-1.8764,15.8644,73.69,92,94,0.81,CG,2021-10-26 23:29:27,light rain
266,Clyde River,70.4692,-68.5914,22.55,82,88,5.01,CA,2021-10-26 23:29:28,overcast clouds
267,Iki-Burul,45.8208,44.6472,30.4,60,2,5.08,RU,2021-10-26 23:29:28,clear sky
268,Lubbock,33.6001,-101.8338,86.25,17,20,20.0,US,2021-10-26 23:25:26,few clouds
269,Kuytun,54.3419,101.5036,34.75,76,87,5.82,RU,2021-10-26 23:29:29,overcast clouds
270,Campeche,19.0,-90.5,89.8,52,38,1.3,MX,2021-10-26 23:29:29,scattered clouds
271,Lubao,14.9167,120.55,80.62,84,96,4.43,PH,2021-10-26 23:29:30,overcast clouds
272,Santa Vitoria Do Palmar,-33.5189,-53.3681,70.36,75,0,6.53,BR,2021-10-26 23:29:30,clear sky
273,Broken Hill,-31.95,141.4333,78.51,10,41,19.57,AU,2021-10-26 23:29:31,scattered clouds
274,Raga,8.4596,25.678,73.02,83,100,3.42,SS,2021-10-26 23:29:31,overcast clouds
275,Kilemary,56.7783,46.8659,33.94,85,100,8.08,RU,2021-10-26 23:29:31,overcast clouds
276,Chato,-2.6378,31.7669,70.34,73,42,3.31,TZ,2021-10-26 23:29:32,scattered clouds
277,Keti Bandar,24.1447,67.4497,77.41,67,0,9.22,PK,2021-10-26 23:29:32,clear sky
278,Najran,17.4924,44.1277,63.25,16,1,2.08,SA,2021-10-26 23:29:33,clear sky
279,Cabreuva,-23.3075,-47.1328,71.58,72,95,11.01,BR,2021-10-26 23:29:33,overcast clouds
280,Charters Towers,-20.1,146.2667,83.17,50,5,15.3,AU,2021-10-26 23:29:34,clear sky
281,Daru,-9.0763,143.2092,84.45,71,49,13.4,PG,2021-10-26 23:29:34,scattered clouds
282,Aktau,43.65,51.2,39.78,51,95,8.08,KZ,2021-10-26 23:29:34,overcast clouds
283,Cayeli,41.0923,40.7292,51.48,63,0,3.91,TR,2021-10-26 23:29:35,clear sky
284,Hohhot,40.8106,111.6522,30.49,59,0,4.47,CN,2021-10-26 23:29:35,clear sky
285,Taitung,22.7583,121.1444,71.87,88,40,4.61,TW,2021-10-26 23:29:36,scattered clouds
286,Dunedin,-45.8742,170.5036,57.31,83,91,5.64,NZ,2021-10-26 23:29:36,overcast clouds
287,Batemans Bay,-35.7167,150.1833,72.19,53,55,3.71,AU,2021-10-26 23:29:37,broken clouds
288,At-Bashi,41.1702,75.8106,29.41,62,51,2.35,KG,2021-10-26 23:29:37,broken clouds
289,Fortuna,40.5982,-124.1573,60.1,70,90,1.01,US,2021-10-26 23:29:38,overcast clouds
290,Flinders,-34.5833,150.8552,72.18,64,59,5.01,AU,2021-10-26 23:29:38,broken clouds
291,Nan,18.8333,100.6667,69.82,100,40,0.0,TH,2021-10-26 23:29:38,mist
292,Bodaybo,57.8506,114.1933,20.88,94,87,2.98,RU,2021-10-26 23:29:39,overcast clouds
293,Saint-Georges,12.0564,-61.7485,82.08,78,20,17.27,GD,2021-10-26 23:27:15,few clouds
294,Camacha,33.0833,-16.3333,66.96,73,40,13.8,PT,2021-10-26 23:29:39,scattered clouds
295,Mamit,23.9333,92.4833,63.34,99,51,1.68,IN,2021-10-26 23:29:40,broken clouds
296,Lovozero,68.005,35.0117,25.48,96,100,12.28,RU,2021-10-26 23:29:40,snow
297,Adrar,20.5022,-10.0711,79.03,33,24,10.4,MR,2021-10-26 23:27:50,few clouds
298,The Valley,18.217,-63.0578,82.26,74,20,3.44,AI,2021-10-26 23:29:41,few clouds
299,Hasaki,35.7333,140.8333,55.8,67,64,7.56,JP,2021-10-26 23:26:56,broken clouds
300,Rawson,-43.3002,-65.1023,72.0,28,73,22.79,AR,2021-10-26 23:29:41,broken clouds
301,Half Moon Bay,37.4636,-122.4286,67.82,66,75,4.61,US,2021-10-26 23:29:42,broken clouds
302,Otavi,-19.65,17.3333,78.3,23,97,1.83,NA,2021-10-26 23:29:43,overcast clouds
303,Bitung,1.4451,125.1824,83.25,75,100,0.76,ID,2021-10-26 23:29:43,overcast clouds
304,Kalmunai,7.4167,81.8167,77.41,85,100,6.93,LK,2021-10-26 23:29:44,overcast clouds
305,Road Town,18.4167,-64.6167,83.19,94,40,0.0,VG,2021-10-26 23:29:44,scattered clouds
306,Aksarka,66.5606,67.7975,17.78,94,99,4.72,RU,2021-10-26 23:29:44,overcast clouds
307,Verkhnevilyuysk,63.4453,120.3167,19.51,88,54,8.23,RU,2021-10-26 23:29:45,broken clouds
308,Shingu,33.7333,135.9833,61.79,73,98,3.02,JP,2021-10-26 23:29:45,overcast clouds
309,Talnakh,69.4865,88.3972,9.14,94,100,2.68,RU,2021-10-26 23:29:46,overcast clouds
310,Marrakesh,31.6315,-8.0083,62.67,77,0,5.75,MA,2021-10-26 23:28:41,clear sky
311,Kilindoni,-7.9139,39.6668,78.8,79,89,11.7,TZ,2021-10-26 23:29:46,overcast clouds
312,San Patricio,28.017,-97.5169,84.18,65,80,15.97,US,2021-10-26 23:29:47,broken clouds
313,Chicama,-7.8447,-79.1469,59.54,73,52,7.11,PE,2021-10-26 23:29:47,broken clouds
314,Ordu,40.9086,37.6845,36.1,82,24,4.7,TR,2021-10-26 23:29:48,few clouds
315,Silifke,36.3778,33.9344,65.8,44,9,9.71,TR,2021-10-26 23:29:48,clear sky
316,Kondinskoye,59.6481,67.41,23.79,87,11,8.08,RU,2021-10-26 23:29:49,few clouds
317,Sept-Iles,50.2001,-66.3821,45.12,86,1,6.91,CA,2021-10-26 23:26:03,clear sky
318,Touros,-5.1989,-35.4608,76.1,74,7,14.29,BR,2021-10-26 23:29:50,clear sky
319,Camocim,-2.9022,-40.8411,80.44,76,6,17.16,BR,2021-10-26 23:29:51,clear sky
320,Urumqi,43.801,87.6005,36.55,65,0,4.47,CN,2021-10-26 23:29:51,clear sky
321,Kiama,-34.6833,150.8667,72.37,64,61,7.0,AU,2021-10-26 23:26:16,broken clouds
322,Bahia Honda,22.9036,-83.1592,79.63,83,92,2.91,CU,2021-10-26 23:29:52,overcast clouds
323,Victoria,22.2855,114.1577,78.33,79,98,4.0,HK,2021-10-26 23:29:40,overcast clouds
324,Yuanping,38.7153,112.7575,42.44,43,38,3.0,CN,2021-10-26 23:29:52,scattered clouds
325,Mehamn,71.0357,27.8492,32.5,59,95,23.24,NO,2021-10-26 23:29:53,overcast clouds
326,Ust-Tsilma,65.441,52.1498,17.76,97,100,2.91,RU,2021-10-26 23:29:53,overcast clouds
327,Ukiah,39.1502,-123.2078,58.01,91,90,9.22,US,2021-10-26 23:25:01,overcast clouds
328,Bimbo,4.2567,18.4158,71.53,94,0,0.0,CF,2021-10-26 23:29:54,light rain
329,Mungwi,-10.1732,31.3694,70.63,53,64,8.21,ZM,2021-10-26 23:29:54,broken clouds
330,Menongue,-14.6585,17.691,65.93,75,99,4.76,AO,2021-10-26 23:29:54,overcast clouds
331,Provideniya,64.3833,-173.3,19.51,68,90,6.71,RU,2021-10-26 23:26:28,light snow
332,Sinnamary,5.3833,-52.95,78.84,89,74,11.97,GF,2021-10-26 23:29:55,broken clouds
333,Koungou,-12.7336,45.2042,78.51,83,40,6.91,YT,2021-10-26 23:29:56,moderate rain
334,Fredericksburg,38.3032,-77.4605,56.95,60,90,1.01,US,2021-10-26 23:29:56,overcast clouds
335,San Juan,-31.5375,-68.5364,85.96,10,10,3.36,AR,2021-10-26 23:29:22,clear sky
336,Ishigaki,24.3448,124.1572,77.13,69,40,14.97,JP,2021-10-26 23:29:57,scattered clouds
337,Puerto Madryn,-42.7692,-65.0385,73.42,25,79,17.25,AR,2021-10-26 23:27:36,broken clouds
338,Sao Filipe,14.8961,-24.4956,79.52,76,84,9.19,CV,2021-10-26 23:29:58,broken clouds
339,Bhanpuri,21.1,80.9167,66.43,65,9,3.6,IN,2021-10-26 23:29:58,clear sky
340,Shimanovsk,52.0,127.7,34.21,89,100,1.86,RU,2021-10-26 23:29:58,overcast clouds
341,Shahreza,32.0339,51.8794,48.97,26,0,3.89,IR,2021-10-26 23:29:59,clear sky
342,Nova Zagora,42.4833,26.0167,50.27,77,0,3.56,BG,2021-10-26 23:29:59,clear sky
343,Winsum,53.33,6.5208,56.17,61,100,18.3,NL,2021-10-26 23:30:00,overcast clouds
344,Rincon,32.296,-81.2354,68.86,78,1,4.61,US,2021-10-26 23:27:36,clear sky
345,Jijiang,29.2906,106.2542,64.36,91,100,0.76,CN,2021-10-26 23:30:00,overcast clouds
346,Ribeira Grande,38.5167,-28.7,70.84,89,100,22.97,PT,2021-10-26 23:30:05,light rain
347,Santiago Del Estero,-27.7951,-64.2615,86.81,10,1,11.27,AR,2021-10-26 23:30:05,clear sky
348,Axim,4.8699,-2.2405,77.83,87,100,5.32,GH,2021-10-26 23:30:06,overcast clouds
349,Thompson,55.7435,-97.8558,35.76,100,90,4.61,CA,2021-10-26 23:26:14,overcast clouds
350,Labrea,-7.2586,-64.7981,76.82,82,72,1.12,BR,2021-10-26 23:30:07,broken clouds
351,Valkeala,60.9401,26.7979,46.8,93,90,8.05,FI,2021-10-26 23:30:09,overcast clouds
352,Sao Joao Da Barra,-21.6403,-41.0511,73.22,95,100,5.14,BR,2021-10-26 23:30:10,overcast clouds
353,Bismarck,46.8083,-100.7837,46.87,96,90,5.75,US,2021-10-26 23:28:01,mist
354,Rocha,-34.4833,-54.3333,67.39,81,0,5.99,UY,2021-10-26 23:30:11,clear sky
355,Lorengau,-2.0226,147.2712,85.69,65,28,4.07,PG,2021-10-26 23:30:11,scattered clouds
356,Sol-Iletsk,51.1631,54.9918,30.15,53,22,6.93,RU,2021-10-26 23:30:12,few clouds
357,Baykit,61.67,96.37,37.98,95,100,12.62,RU,2021-10-26 23:30:12,light rain
358,Pitimbu,-7.4706,-34.8086,77.59,71,6,12.33,BR,2021-10-26 23:28:48,clear sky
359,Sungaipenuh,-2.0833,101.3833,65.35,98,100,0.92,ID,2021-10-26 23:30:13,moderate rain
360,Hunchun,42.8675,130.3581,49.91,60,46,9.89,CN,2021-10-26 23:30:13,scattered clouds
361,Sabha,27.0377,14.4283,69.1,24,56,8.55,LY,2021-10-26 23:30:14,broken clouds
362,Mali,12.079,-12.2982,60.67,89,81,1.92,GN,2021-10-26 23:30:14,light rain
363,Santa Maria,-29.6842,-53.8069,70.9,64,0,3.44,BR,2021-10-26 23:30:15,clear sky
364,Puerto Ayacucho,5.6639,-67.6236,77.05,89,88,4.38,VE,2021-10-26 23:30:15,overcast clouds
365,Roald,62.5833,6.1333,48.34,76,20,14.97,NO,2021-10-26 23:30:16,moderate rain
366,Nouakchott,18.0858,-15.9785,80.53,45,70,20.51,MR,2021-10-26 23:30:16,broken clouds
367,Phuket,8.0,98.25,77.22,94,20,1.14,TH,2021-10-26 23:30:17,few clouds
368,Mazagao,-0.115,-51.2894,86.05,78,96,7.67,BR,2021-10-26 23:30:17,overcast clouds
369,Eyrarbakki,63.863,-21.1481,44.65,86,100,32.01,IS,2021-10-26 23:30:18,overcast clouds
370,Ivanivka,46.7208,34.553,36.63,68,0,7.54,UA,2021-10-26 23:30:18,clear sky
371,Ust-Kulom,61.6864,53.6902,24.15,96,71,5.28,RU,2021-10-26 23:30:18,broken clouds
372,Uniao,-4.5858,-42.8642,87.82,47,41,6.38,BR,2021-10-26 23:30:20,scattered clouds
373,Beian,63.6559,9.5683,49.01,87,0,13.8,NO,2021-10-26 23:30:21,clear sky
374,Ocos,14.5094,-92.1933,88.32,78,12,4.23,GT,2021-10-26 23:30:21,few clouds
375,Aykhal,66.0,111.5,-0.67,100,80,2.89,RU,2021-10-26 23:28:45,broken clouds
376,Olafsvik,64.8945,-23.7142,42.53,82,100,31.72,IS,2021-10-26 23:28:35,light rain
377,Natal,-5.795,-35.2094,77.22,88,75,8.05,BR,2021-10-26 23:30:22,broken clouds
378,Minden,52.2833,8.9167,56.03,84,100,15.75,DE,2021-10-26 23:30:23,overcast clouds
379,Bukan,36.521,46.2089,45.36,62,99,3.22,IR,2021-10-26 23:30:24,overcast clouds
380,Sal Rei,16.1833,-22.9167,77.56,74,97,17.54,CV,2021-10-26 23:30:24,overcast clouds
381,Timra,62.487,17.3257,35.67,93,20,3.44,SE,2021-10-26 23:30:25,fog
382,Vestmannaeyjar,63.4427,-20.2734,44.87,89,100,35.05,IS,2021-10-26 23:30:25,overcast clouds
383,Balykshi,47.0667,51.8667,37.4,60,75,6.71,KZ,2021-10-26 23:30:26,broken clouds
384,Kawalu,-7.3817,108.2082,72.79,96,100,0.65,ID,2021-10-26 23:27:39,overcast clouds
385,Tuatapere,-46.1333,167.6833,60.94,76,86,1.05,NZ,2021-10-26 23:30:26,overcast clouds
386,Gambiran,-6.7988,111.4951,80.85,73,98,5.21,ID,2021-10-26 23:30:27,overcast clouds
387,Lodja,-3.4833,23.4333,68.97,99,99,1.25,CD,2021-10-26 23:30:27,light rain
388,Manokwari,-0.8667,134.0833,82.89,71,37,4.0,ID,2021-10-26 23:30:28,scattered clouds
389,Vostok,46.4856,135.8833,38.35,78,96,2.68,RU,2021-10-26 23:27:40,overcast clouds
390,Buraydah,26.326,43.975,77.45,17,14,11.54,SA,2021-10-26 23:30:28,few clouds
391,Tokur,53.1333,132.9,29.86,96,100,2.01,RU,2021-10-26 23:30:29,light snow
392,Epinal,48.1833,6.45,46.08,94,67,1.21,FR,2021-10-26 23:30:30,broken clouds
393,Nuevo Progreso,23.1667,-97.95,89.6,74,55,5.01,MX,2021-10-26 23:30:30,broken clouds
394,Trincomalee,8.5711,81.2335,79.99,77,100,5.66,LK,2021-10-26 23:30:30,overcast clouds
395,Soyo,-6.1349,12.3689,76.08,83,89,8.9,AO,2021-10-26 23:30:31,overcast clouds
396,Bereda,43.2686,-7.5406,52.41,100,75,1.19,ES,2021-10-26 23:30:31,broken clouds
397,Auchi,7.0667,6.2667,72.7,97,67,3.69,NG,2021-10-26 23:30:32,broken clouds
398,Tukan,53.8409,57.4552,26.92,65,88,7.07,RU,2021-10-26 23:30:32,overcast clouds
399,Morehead,37.2711,-87.1764,56.14,77,1,0.0,US,2021-10-26 23:30:32,clear sky
400,Virginia Beach,36.8529,-75.978,66.24,59,65,3.0,US,2021-10-26 23:28:49,broken clouds
401,Tigzirt,36.8886,4.1198,65.14,75,100,10.31,DZ,2021-10-26 23:30:33,overcast clouds
402,Margate,51.3813,1.3862,60.51,81,87,1.99,GB,2021-10-26 23:30:34,overcast clouds
403,Ulaangom,49.9811,92.0667,30.67,68,40,2.8,MN,2021-10-26 23:30:34,scattered clouds
404,Turayf,31.6725,38.6637,59.25,38,0,4.61,SA,2021-10-26 23:30:34,clear sky
405,Springdale,36.1867,-94.1288,67.82,77,1,10.0,US,2021-10-26 23:30:35,clear sky
406,Isangel,-19.55,169.2667,82.22,71,24,5.77,VU,2021-10-26 23:30:35,few clouds
407,Helong,42.5397,128.9972,45.52,65,0,8.86,CN,2021-10-26 23:30:36,clear sky
408,Bonavista,48.6499,-53.1147,40.12,71,60,10.33,CA,2021-10-26 23:30:36,broken clouds
409,Mabaruma,8.2,-59.7833,73.83,99,100,3.04,GY,2021-10-26 23:30:37,light rain
410,Nizwa,22.9333,57.5333,72.66,76,0,3.11,OM,2021-10-26 23:30:37,clear sky
411,Tabou,4.423,-7.3528,76.91,87,98,6.71,CI,2021-10-26 23:30:38,overcast clouds
412,Fereydunshahr,32.941,50.121,35.6,32,0,2.95,IR,2021-10-26 23:30:38,clear sky
413,Kismayo,-0.3582,42.5454,78.46,86,70,10.94,SO,2021-10-26 23:30:38,broken clouds
414,Hofn,64.2539,-15.2082,42.76,80,100,11.16,IS,2021-10-26 23:30:39,overcast clouds
415,Peniche,39.3558,-9.3811,65.08,86,6,10.04,PT,2021-10-26 23:30:39,clear sky
416,Shiozawa,37.0333,138.85,57.33,65,85,1.63,JP,2021-10-26 23:30:40,overcast clouds
417,Praya,14.9215,-23.5087,79.34,78,0,16.11,CV,2021-10-26 23:30:40,clear sky
418,Egvekinot,66.3167,-179.1667,5.07,84,94,5.32,RU,2021-10-26 23:30:41,overcast clouds
419,Krasnozatonskiy,61.6758,50.9794,28.62,93,90,4.47,RU,2021-10-26 23:30:41,light snow
420,Westport,41.1415,-73.3579,62.15,94,90,8.99,US,2021-10-26 23:27:26,moderate rain
421,Sambava,-14.2667,50.1667,70.2,86,3,9.15,MG,2021-10-26 23:30:42,clear sky
422,Pangnirtung,66.1451,-65.7125,25.59,89,92,6.76,CA,2021-10-26 23:30:42,overcast clouds
423,Kudahuvadhoo,2.6708,72.8944,79.9,78,99,11.32,MV,2021-10-26 23:30:43,light rain
424,Imeni Poliny Osipenko,52.4201,136.4853,36.75,85,100,3.04,RU,2021-10-26 23:30:43,overcast clouds
425,Nuuk,64.1835,-51.7216,30.81,59,5,11.5,GL,2021-10-26 23:30:44,clear sky
426,Omboue,-1.5746,9.2618,75.96,89,94,7.14,GA,2021-10-26 23:30:44,overcast clouds
427,Huesca,42.1362,-0.4087,49.75,87,0,2.3,ES,2021-10-26 23:30:45,clear sky
428,Ahipara,-35.1667,173.1667,68.29,67,100,7.29,NZ,2021-10-26 23:30:45,overcast clouds
429,Forio,40.7342,13.8646,62.89,61,100,15.14,IT,2021-10-26 23:30:46,moderate rain
430,Bushehr,28.9684,50.8385,77.47,28,0,6.85,IR,2021-10-26 23:30:46,clear sky
431,Bonfim,3.0833,-59.95,77.92,79,95,2.84,BR,2021-10-26 23:30:46,overcast clouds
432,Todi,42.7799,12.4046,55.29,74,100,5.23,IT,2021-10-26 23:30:47,overcast clouds
433,Guerrero Negro,27.9769,-114.0611,68.83,57,0,20.11,MX,2021-10-26 23:27:28,clear sky
434,Sindor,62.8629,51.8905,25.11,86,95,6.96,RU,2021-10-26 23:30:48,overcast clouds
435,Turkistan,43.0,68.0,50.76,44,100,7.65,KZ,2021-10-26 23:30:48,overcast clouds
436,Fukue,32.6881,128.8419,61.16,88,75,2.3,JP,2021-10-26 23:30:49,broken clouds
437,Rusera,25.75,86.0333,70.41,66,19,4.29,IN,2021-10-26 23:30:49,few clouds
438,Kashi,39.4547,75.9797,43.81,45,0,8.95,CN,2021-10-26 23:30:50,clear sky
439,Sampit,-2.5333,112.95,79.86,83,98,1.97,ID,2021-10-26 23:30:51,overcast clouds
440,Bellavista,-7.0561,-76.5911,78.08,82,94,1.43,PE,2021-10-26 23:30:01,overcast clouds
441,Benxi,41.2886,123.765,46.56,56,0,2.48,CN,2021-10-26 23:30:52,clear sky
442,Iquique,-20.2208,-70.1431,62.64,75,27,2.26,CL,2021-10-26 23:29:39,scattered clouds
443,Lakshmipur,22.95,90.8333,73.09,78,54,6.98,BD,2021-10-26 23:30:52,broken clouds
444,Auki,-8.7676,160.7034,87.06,62,80,4.36,SB,2021-10-26 23:30:53,broken clouds
445,Palmerston,-12.486,130.9833,90.03,62,75,2.3,AU,2021-10-26 23:26:13,broken clouds
446,Lagos,6.5833,3.75,77.09,89,87,3.83,NG,2021-10-26 23:30:07,overcast clouds
447,Kashan,33.9831,51.4364,52.88,57,0,2.42,IR,2021-10-26 23:30:54,clear sky
448,Boa Vista,2.8197,-60.6733,80.58,69,40,4.61,BR,2021-10-26 23:30:54,scattered clouds
449,Vardo,70.3705,31.1107,35.04,59,100,25.39,NO,2021-10-26 23:28:57,overcast clouds
450,Opuwo,-18.0607,13.84,70.54,22,67,2.8,NA,2021-10-26 23:30:55,broken clouds
451,Wanning,18.8003,110.3967,75.43,93,100,9.4,CN,2021-10-26 23:30:55,overcast clouds
452,Wamba,8.9333,8.6,73.89,92,68,1.05,NG,2021-10-26 23:30:55,broken clouds
453,Pinega,64.7001,43.3936,29.79,98,100,6.69,RU,2021-10-26 23:30:57,snow
454,Maniitsoq,65.4167,-52.9,32.25,50,19,4.99,GL,2021-10-26 23:27:56,few clouds
455,Mosquera,4.7059,-74.2302,57.29,94,75,4.61,CO,2021-10-26 23:30:58,light rain
456,Lugovoy,42.9472,72.7644,51.04,40,97,5.66,KZ,2021-10-26 23:30:58,overcast clouds
457,Lac Du Bonnet,50.2536,-96.0612,50.59,54,100,15.93,CA,2021-10-26 23:30:58,overcast clouds
458,Bathsheba,13.2167,-59.5167,83.01,69,20,14.97,BB,2021-10-26 23:30:59,few clouds
459,Awash,8.9833,40.1667,72.39,54,1,0.72,ET,2021-10-26 23:30:59,clear sky
460,Waingapu,-9.6567,120.2641,82.71,73,100,7.45,ID,2021-10-26 23:27:10,overcast clouds
461,Arman,59.7,150.1667,24.24,70,38,4.99,RU,2021-10-26 23:31:00,scattered clouds
462,De-Kastri,51.4667,140.7833,46.44,69,62,0.74,RU,2021-10-26 23:31:00,broken clouds
463,Sakakah,29.9697,40.2064,69.37,29,20,7.16,SA,2021-10-26 23:27:21,few clouds
464,Laguna,38.421,-121.4238,67.24,60,90,1.99,US,2021-10-26 23:31:01,overcast clouds
465,Ondangwa,-17.9167,15.95,77.38,33,79,3.53,NA,2021-10-26 23:31:02,broken clouds
466,Zhenlai,45.8495,123.2973,43.03,44,36,11.68,CN,2021-10-26 23:31:03,scattered clouds
467,Sechura,-5.5569,-80.8222,68.09,72,82,15.7,PE,2021-10-26 23:31:03,broken clouds
468,Poum,-20.2333,164.0167,75.6,72,99,4.0,NC,2021-10-26 23:31:04,overcast clouds
469,Verkhoyansk,67.5447,133.385,-2.79,98,79,1.41,RU,2021-10-26 23:31:04,broken clouds
470,Antalaha,-14.9003,50.2788,69.03,82,12,6.53,MG,2021-10-26 23:31:04,few clouds
471,Havelock,34.8791,-76.9013,66.18,77,2,3.0,US,2021-10-26 23:28:29,clear sky
472,Namioka,40.7072,140.5894,59.22,77,75,6.91,JP,2021-10-26 23:31:05,broken clouds
473,Hope,33.6671,-93.5916,73.45,61,100,8.25,US,2021-10-26 23:31:06,overcast clouds
474,Kabinda,-6.1333,24.4833,67.3,89,97,3.13,CD,2021-10-26 23:31:07,overcast clouds
475,Buncrana,55.1333,-7.45,57.49,86,100,14.43,IE,2021-10-26 23:31:07,light rain
476,Wattegama,6.7989,81.4808,72.52,94,100,1.36,LK,2021-10-26 23:27:57,overcast clouds
477,Khovu-Aksy,51.1333,93.6,30.45,64,10,4.52,RU,2021-10-26 23:31:08,clear sky
478,Yar-Sale,66.8333,70.8333,17.17,92,83,9.78,RU,2021-10-26 23:31:09,broken clouds
479,Byron Bay,-28.65,153.6167,75.31,67,77,2.55,AU,2021-10-26 23:31:09,broken clouds
480,Grand-Santi,4.25,-54.3833,74.35,91,72,2.71,GF,2021-10-26 23:31:10,broken clouds
481,Elko,41.0002,-115.5012,43.74,68,86,11.01,US,2021-10-26 23:30:23,overcast clouds
482,Iqaluit,63.7506,-68.5145,29.93,86,75,8.99,CA,2021-10-26 23:29:50,broken clouds
483,Rongcheng,30.634,117.8517,61.48,75,99,2.75,CN,2021-10-26 23:31:11,overcast clouds
484,Inirida,3.8653,-67.9239,73.74,97,99,3.02,CO,2021-10-26 23:31:11,overcast clouds
485,Oron,4.8256,8.2343,76.06,91,78,1.16,NG,2021-10-26 23:31:12,light rain
486,Anchorage,61.2181,-149.9003,38.21,71,40,0.0,US,2021-10-26 23:27:35,scattered clouds
487,Dubbo,-32.25,148.6167,68.13,60,0,11.5,AU,2021-10-26 23:31:13,clear sky
488,Sarangani,5.4033,125.4636,83.03,72,97,3.04,PH,2021-10-26 23:31:13,overcast clouds
489,Rabo De Peixe,37.8,-25.5833,69.31,88,40,14.97,PT,2021-10-26 23:31:13,scattered clouds
490,Malibu,34.005,-118.8101,75.65,60,1,10.0,US,2021-10-26 23:28:48,clear sky
491,Barcelos,41.5388,-8.6151,59.85,64,27,4.38,PT,2021-10-26 23:31:14,scattered clouds
492,Luang Prabang,19.8856,102.1347,69.6,91,84,1.34,LA,2021-10-26 23:26:47,broken clouds
493,Mitsamiouli,-11.3847,43.2844,78.31,81,54,8.08,KM,2021-10-26 23:31:15,broken clouds
494,Zarubino,42.63,131.0922,51.4,64,74,12.66,RU,2021-10-26 23:31:15,broken clouds
495,Palauig,15.435,119.9045,80.49,71,56,4.41,PH,2021-10-26 23:28:01,broken clouds
496,Tabas,33.5959,56.9244,59.5,23,0,1.66,IR,2021-10-26 23:31:16,clear sky
497,Arrifes,37.7667,-25.7,68.25,88,40,14.97,PT,2021-10-26 23:31:16,scattered clouds
498,Voghera,44.9947,9.0086,53.58,74,0,3.44,IT,2021-10-26 23:31:17,clear sky
499,Zaysan,47.4667,84.8667,45.81,38,3,5.03,KZ,2021-10-26 23:31:17,clear sky
500,Itacoatiara,-3.1431,-58.4442,75.63,93,69,2.89,BR,2021-10-26 23:31:18,moderate rain
501,Shache,38.4167,77.2406,44.58,42,8,0.18,CN,2021-10-26 23:31:19,clear sky
502,Linxia,35.6003,103.2064,39.78,85,100,1.1,CN,2021-10-26 23:31:19,overcast clouds
503,Alofi,-19.0595,-169.9187,80.49,65,75,18.41,NU,2021-10-26 23:28:04,broken clouds
504,Hovd,48.0056,91.6419,35.4,33,0,6.93,MN,2021-10-26 23:31:20,clear sky
505,Kolondieba,11.0882,-6.8926,76.96,74,100,4.05,ML,2021-10-26 23:31:20,light rain
506,Koutsouras,35.0339,25.9469,64.11,73,52,8.52,GR,2021-10-26 23:31:21,broken clouds
507,Russell,32.3502,-85.1999,67.6,77,1,0.0,US,2021-10-26 23:31:21,clear sky
508,Dhidhdhoo,6.8833,73.1,81.57,73,97,11.77,MV,2021-10-26 23:31:22,overcast clouds
509,Chkalovskoye,44.8392,133.0436,47.41,84,100,9.08,RU,2021-10-26 23:31:22,overcast clouds
510,Prainha,-1.8,-53.48,79.59,75,49,4.25,BR,2021-10-26 23:31:22,scattered clouds
511,Barranca De Upia,4.5696,-72.9668,74.28,94,97,1.5,CO,2021-10-26 23:31:23,overcast clouds
512,Hobyo,5.3505,48.5268,79.97,76,18,8.84,SO,2021-10-26 23:31:24,few clouds
513,Rio Cuarto,-33.1307,-64.3499,85.77,19,0,12.66,AR,2021-10-26 23:31:24,clear sky
514,Vaitape,-16.5167,-151.75,78.64,77,84,7.43,PF,2021-10-26 23:31:25,light rain
515,Tan An,10.5333,106.4167,78.82,89,100,4.32,VN,2021-10-26 23:26:54,overcast clouds
516,Huilong,31.8111,121.655,66.04,69,74,7.76,CN,2021-10-26 23:31:25,light rain
517,Dawei,14.0833,98.2,74.52,85,49,3.78,MM,2021-10-26 23:31:26,scattered clouds
518,Kroya,-7.6331,109.2461,77.9,85,97,5.28,ID,2021-10-26 23:27:53,overcast clouds
519,Bengkulu,-3.8004,102.2655,75.87,92,100,10.69,ID,2021-10-26 23:31:26,overcast clouds
520,Banda Aceh,5.5577,95.3222,78.53,81,100,8.52,ID,2021-10-26 23:31:27,overcast clouds
521,Sistranda,63.7256,8.834,48.9,74,100,18.95,NO,2021-10-26 23:31:27,overcast clouds
522,Mukhen,48.1,136.1,43.77,91,100,5.48,RU,2021-10-26 23:31:29,overcast clouds
523,Port Maria,18.3685,-76.8895,82.36,93,44,8.16,JM,2021-10-26 23:31:29,scattered clouds
524,Katherine,-14.4667,132.2667,86.32,66,40,11.5,AU,2021-10-26 23:31:30,scattered clouds
525,Shakhtinsk,49.71,72.5872,28.96,68,100,12.5,KZ,2021-10-26 23:31:30,overcast clouds
526,Tondano,1.3038,124.9112,75.29,70,100,1.7,ID,2021-10-26 23:31:32,overcast clouds
527,Nelson Bay,-32.7167,152.15,73.78,67,10,3.0,AU,2021-10-26 23:31:32,clear sky
528,Sao Gabriel Da Cachoeira,-0.1303,-67.0892,73.96,98,100,1.68,BR,2021-10-26 23:31:33,overcast clouds
529,Fairbanks,64.8378,-147.7164,32.09,91,90,0.0,US,2021-10-26 23:29:26,overcast clouds
530,Padre Bernardo,-15.35,-48.5,71.73,88,95,1.57,BR,2021-10-26 23:31:34,moderate rain
531,Bama,11.5221,13.6856,78.62,29,98,6.26,NG,2021-10-26 23:31:34,overcast clouds
532,Mankono,8.0586,-6.1897,73.99,80,90,4.83,CI,2021-10-26 23:31:34,overcast clouds
533,Karwar,14.8,74.1333,74.71,72,4,5.73,IN,2021-10-26 23:27:25,clear sky
534,Samarai,-10.6167,150.6667,82.78,77,52,10.09,PG,2021-10-26 23:31:35,broken clouds
535,Mangan,27.5167,88.5333,60.19,65,23,6.29,IN,2021-10-26 23:31:35,few clouds
536,Namtsy,62.7161,129.6658,23.11,96,99,2.08,RU,2021-10-26 23:31:36,overcast clouds
537,San Rafael,-34.6177,-68.3301,78.94,17,20,2.59,AR,2021-10-26 23:30:38,few clouds
538,Concarneau,47.875,-3.9225,58.82,92,87,9.42,FR,2021-10-26 23:31:38,overcast clouds
539,Storsteinnes,69.2408,19.2344,31.37,92,100,6.44,NO,2021-10-26 23:31:38,overcast clouds
540,Vidim,56.4088,103.1106,37.17,75,99,8.93,RU,2021-10-26 23:31:39,overcast clouds
541,Buta,2.7858,24.73,70.54,99,100,1.92,CD,2021-10-26 23:31:39,overcast clouds
542,Eydhafushi,5.1033,73.0708,81.01,78,88,10.83,MV,2021-10-26 23:31:40,overcast clouds
543,Bouza,14.4229,6.0428,85.06,18,5,5.32,NE,2021-10-26 23:31:40,clear sky
544,Anzio,41.4853,12.6179,60.69,95,99,1.9,IT,2021-10-26 23:31:41,overcast clouds
545,Kupang,-10.1667,123.5833,82.98,83,20,3.44,ID,2021-10-26 23:30:58,few clouds
546,Sao Jose Da Coroa Grande,-8.8978,-35.1478,77.25,77,11,9.37,BR,2021-10-26 23:31:41,few clouds
547,Takoradi,4.8845,-1.7554,77.07,89,100,5.66,GH,2021-10-26 23:31:42,overcast clouds
548,Leshukonskoye,64.8989,45.7622,27.19,96,100,9.35,RU,2021-10-26 23:31:42,light snow
549,Bilma,18.6853,12.9164,80.35,15,0,4.74,NE,2021-10-26 23:30:34,clear sky
550,Akalkot,17.5333,76.2167,68.94,57,0,8.25,IN,2021-10-26 23:31:43,clear sky
551,Revda,56.801,59.9303,31.01,88,99,11.23,RU,2021-10-26 23:31:43,overcast clouds
552,Sovetskiy,61.3614,63.5842,22.48,68,2,5.93,RU,2021-10-26 23:31:44,clear sky
553,Bagotville,-28.9833,153.4167,75.22,85,81,2.91,AU,2021-10-26 23:31:45,broken clouds
554,Kiruna,67.8557,20.2251,22.12,100,90,3.44,SE,2021-10-26 23:31:46,light snow
555,Taksimo,56.3444,114.8794,26.19,87,66,1.86,RU,2021-10-26 23:31:46,broken clouds
556,Berlevag,70.8578,29.0864,33.98,56,100,22.55,NO,2021-10-26 23:31:47,overcast clouds
557,Bulungu,-4.55,18.6,69.78,95,94,1.79,CD,2021-10-26 23:31:47,light rain
558,Cabedelo,-6.9811,-34.8339,77.67,70,6,13.13,BR,2021-10-26 23:27:12,clear sky
559,Viedma,-40.8135,-62.9967,68.13,22,34,6.42,AR,2021-10-26 23:31:48,scattered clouds
560,Rettikhovka,44.1683,132.7669,47.28,79,100,4.56,RU,2021-10-26 23:31:48,overcast clouds
561,Kangaatsiaq,68.3065,-53.4641,16.83,73,67,9.4,GL,2021-10-26 23:29:23,broken clouds
562,Oudtshoorn,-33.5907,22.2014,61.16,81,56,1.88,ZA,2021-10-26 23:31:49,broken clouds
563,Tilichiki,60.4667,166.1,8.98,85,8,5.88,RU,2021-10-26 23:31:49,clear sky
564,Nago,26.5881,127.9761,75.27,55,10,11.16,JP,2021-10-26 23:31:50,clear sky
565,Izhma,65.0083,53.9113,19.76,96,90,2.98,RU,2021-10-26 23:31:50,overcast clouds
566,Srandakan,-7.9386,110.2506,80.1,80,99,7.09,ID,2021-10-26 23:31:51,overcast clouds
567,Tigre,-34.426,-58.5796,85.24,46,0,5.75,AR,2021-10-26 23:31:51,clear sky
568,Talas,38.6908,35.5538,27.27,74,0,0.0,TR,2021-10-26 23:31:51,clear sky
569,Soderhamn,61.3037,17.0592,40.03,86,5,4.0,SE,2021-10-26 23:31:52,clear sky
570,Iskateley,67.6803,53.1512,14.63,91,16,3.8,RU,2021-10-26 23:31:52,few clouds
571,Sandnessjoen,66.0217,12.6316,46.38,94,81,8.99,NO,2021-10-26 23:31:53,broken clouds
572,Kununurra,-15.7667,128.7333,89.58,51,20,9.22,AU,2021-10-26 23:30:06,few clouds
573,Baturaja,-4.1333,104.1667,76.82,90,88,0.94,ID,2021-10-26 23:31:54,overcast clouds
574,Verkhniye Tatyshly,56.2912,55.8575,31.82,76,100,12.19,RU,2021-10-26 23:31:54,overcast clouds
575,Kartaly,53.0522,60.6467,30.79,54,57,13.0,RU,2021-10-26 23:31:54,broken clouds
576,Lasa,46.6166,10.7002,45.48,75,33,2.66,IT,2021-10-26 23:31:55,scattered clouds
577,Kingman,35.1894,-114.053,66.29,22,1,5.99,US,2021-10-26 23:31:55,clear sky
578,Krasnogorsk,55.8225,37.3181,40.37,65,0,11.18,RU,2021-10-26 23:31:56,clear sky
579,Bowen,-20.0167,148.2333,82.62,63,51,9.46,AU,2021-10-26 23:31:56,broken clouds
580,Matay,28.419,30.7792,69.53,60,0,9.95,EG,2021-10-26 23:31:57,clear sky
581,Port Macquarie,-31.4333,152.9167,74.89,63,5,9.24,AU,2021-10-26 23:28:56,clear sky
582,Eenhana,-17.4667,16.3333,78.75,42,95,9.6,NA,2021-10-26 23:31:57,overcast clouds
583,Port Hedland,-20.3167,118.5667,75.25,46,0,11.5,AU,2021-10-26 23:31:58,clear sky
584,Zyryanka,65.75,150.85,3.43,88,18,6.91,RU,2021-10-26 23:31:58,few clouds
585,Yumen,40.2833,97.2,34.48,77,0,4.16,CN,2021-10-26 23:31:59,clear sky
586,Voyvozh,62.892,54.9635,20.08,94,94,3.91,RU,2021-10-26 23:32:00,overcast clouds
587,Salta,-24.7859,-65.4117,79.39,17,0,6.91,AR,2021-10-26 23:32:00,clear sky
588,Sola,-13.8833,167.55,80.87,78,49,12.15,VU,2021-10-26 23:32:01,scattered clouds
589,Lazaro Cardenas,17.9583,-102.2,80.37,83,98,4.52,MX,2021-10-26 23:32:01,overcast clouds
590,Polohy,47.4844,36.2536,34.54,61,7,6.76,UA,2021-10-26 23:32:02,clear sky
591,Kasempa,-13.4584,25.8338,69.73,36,70,7.47,ZM,2021-10-26 23:32:02,broken clouds
592,San Carlos De Bariloche,-41.1456,-71.3082,58.44,46,0,19.57,AR,2021-10-26 23:32:03,clear sky
593,Bubaque,11.2833,-15.8333,82.24,75,92,8.32,GW,2021-10-26 23:32:03,overcast clouds
594,Verkh-Suetka,53.3,80.05,29.84,65,100,7.38,RU,2021-10-26 23:32:04,overcast clouds
595,Santa Marta,11.2408,-74.199,80.94,83,25,8.7,CO,2021-10-26 23:30:45,scattered clouds
596,Hambantota,6.1241,81.1185,73.74,100,20,0.0,LK,2021-10-26 23:27:51,few clouds
597,Birao,10.2849,22.7882,75.58,39,77,3.11,CF,2021-10-26 23:32:05,broken clouds
598,Ponta Delgada,37.7333,-25.6667,70.52,88,40,14.97,PT,2021-10-26 23:32:05,scattered clouds
599,Port Hardy,50.6996,-127.4199,48.38,87,90,11.5,CA,2021-10-26 23:31:22,light intensity shower rain
600,Beni,0.5,29.4667,60.22,98,89,1.97,CD,2021-10-26 23:29:53,overcast clouds
601,Krasne,49.9145,24.6134,33.15,65,100,6.29,UA,2021-10-26 23:32:06,overcast clouds
602,Jaciara,-15.9653,-54.9683,73.15,86,97,2.84,BR,2021-10-26 23:32:07,overcast clouds
603,Bartica,6.4,-58.6167,80.92,98,100,2.51,GY,2021-10-26 23:32:07,light rain
604,Pinawa,50.1489,-95.8811,46.0,55,100,14.99,CA,2021-10-26 23:32:08,overcast clouds
605,Gwadar,25.1216,62.3254,77.16,72,1,2.39,PK,2021-10-26 23:32:08,clear sky
606,Udachnyy,66.4167,112.4,-4.52,100,78,3.2,RU,2021-10-26 23:32:09,broken clouds
607,Buchanan,5.8808,-10.0467,77.45,87,100,3.02,LR,2021-10-26 23:32:09,overcast clouds
608,Excelsior Springs,39.3392,-94.2261,61.77,63,90,12.66,US,2021-10-26 23:32:10,overcast clouds
609,Paralimni,35.0375,33.9833,65.08,67,18,4.0,CY,2021-10-26 23:32:10,few clouds
610,Qrendi,35.8347,14.4583,67.1,94,75,11.5,MT,2021-10-26 23:32:11,broken clouds
611,Magdagachi,53.45,125.8,34.02,85,99,3.31,RU,2021-10-26 23:32:11,overcast clouds
612,Yambio,4.5721,28.3955,68.14,98,100,1.59,SS,2021-10-26 23:32:11,light rain
613,Modugno,41.0974,16.778,59.25,83,75,5.75,IT,2021-10-26 23:32:12,broken clouds
614,Sibolga,1.7427,98.7792,76.15,91,100,3.44,ID,2021-10-26 23:31:38,overcast clouds
615,Charlottetown,46.2352,-63.1267,48.78,69,75,11.01,CA,2021-10-26 23:28:01,broken clouds
616,Tarragona,41.129,1.249,59.38,68,0,5.75,ES,2021-10-26 23:32:13,clear sky
617,Victor Harbor,-35.5667,138.6167,82.47,31,78,12.12,AU,2021-10-26 23:32:13,moderate rain
618,Bhimunipatnam,17.8833,83.4333,80.11,77,20,8.34,IN,2021-10-26 23:32:13,few clouds
619,Teknaf,20.8624,92.3058,76.71,84,95,4.29,BD,2021-10-26 23:32:14,overcast clouds
620,Ucluelet,48.9329,-125.5528,52.11,90,88,1.99,CA,2021-10-26 23:32:14,overcast clouds
621,Deputatskiy,69.3,139.9,-0.38,96,100,2.39,RU,2021-10-26 23:27:17,overcast clouds
622,Chabahar,25.2919,60.643,77.54,80,1,4.14,IR,2021-10-26 23:32:15,clear sky
623,Diego De Almagro,-26.3667,-70.05,64.58,40,0,2.8,CL,2021-10-26 23:32:15,clear sky
624,Mayna,54.1135,47.6231,33.44,69,100,12.71,RU,2021-10-26 23:32:16,overcast clouds
625,Havre-Saint-Pierre,50.2334,-63.5986,46.4,93,1,0.0,CA,2021-10-26 23:32:16,clear sky
626,Arrecife,28.963,-13.5477,69.78,68,40,8.05,ES,2021-10-26 23:32:17,scattered clouds
627,Bairiki,1.3292,172.9752,86.0,66,20,9.22,KI,2021-10-26 23:32:17,few clouds
628,Husum,54.4858,9.0524,55.36,94,100,18.59,DE,2021-10-26 23:32:17,overcast clouds
629,Ampanihy,-24.7,44.75,70.29,88,34,9.19,MG,2021-10-26 23:32:18,scattered clouds
630,Porbandar,21.6422,69.6093,78.06,53,5,9.53,IN,2021-10-26 23:32:19,clear sky
631,Beloha,-25.1667,45.05,73.13,80,32,10.2,MG,2021-10-26 23:32:19,scattered clouds
632,Roma,43.2128,-75.4557,56.12,92,90,4.61,US,2021-10-26 23:30:32,light rain
633,Tombouctou,20.0,-3.0,84.96,20,60,7.56,ML,2021-10-26 23:32:20,broken clouds
634,Rafai,4.95,23.9167,67.66,97,100,1.99,CF,2021-10-26 23:32:20,light rain
635,Sarahan,31.5167,77.8,42.44,48,0,6.85,IN,2021-10-26 23:32:21,clear sky
636,Faya,18.3851,42.4509,59.11,61,10,2.39,SA,2021-10-26 23:32:21,clear sky
637,San Luis,-33.295,-66.3356,79.25,11,3,10.51,AR,2021-10-26 23:31:29,clear sky
638,Kirakira,-10.4544,161.9205,86.11,69,61,5.44,SB,2021-10-26 23:32:22,broken clouds
639,Espanola,35.9911,-106.0806,55.38,47,23,16.49,US,2021-10-26 23:30:23,few clouds
640,Russellville,35.2784,-93.1338,65.14,65,1,4.61,US,2021-10-26 23:32:22,clear sky
641,Qorveh,35.1664,47.8045,40.96,70,72,4.56,IR,2021-10-26 23:32:23,broken clouds
642,Mahina,-17.5065,-149.489,83.97,74,20,11.5,PF,2021-10-26 23:32:23,light rain
643,Tortoli,39.9256,9.6572,60.62,77,0,6.91,IT,2021-10-26 23:32:24,clear sky
644,Saint-Joseph,-21.3667,55.6167,70.18,77,33,9.95,RE,2021-10-26 23:32:24,scattered clouds
645,Altay,47.8667,88.1167,37.81,45,0,5.97,CN,2021-10-26 23:32:25,clear sky
646,Zarya,55.7553,38.0958,40.51,71,100,10.13,RU,2021-10-26 23:32:25,overcast clouds
647,Miguel Auza,24.2933,-103.4503,70.66,43,8,9.1,MX,2021-10-26 23:32:26,clear sky
648,Hojo,33.9766,132.7777,63.48,76,40,8.05,JP,2021-10-26 23:32:26,scattered clouds
649,Bridlington,54.0831,-0.1919,59.29,83,100,23.89,GB,2021-10-26 23:30:25,overcast clouds
650,Qasigiannguit,68.8193,-51.1922,12.45,78,17,4.68,GL,2021-10-26 23:32:27,few clouds
651,Husavik,66.0449,-17.3389,39.11,94,100,14.5,IS,2021-10-26 23:32:27,overcast clouds
652,Zaragoza,41.6561,-0.8773,52.81,66,0,6.91,ES,2021-10-26 23:32:28,clear sky
653,Yamethin,20.4333,96.15,71.94,89,9,2.39,MM,2021-10-26 23:32:28,clear sky
654,Bara,10.3744,10.7288,77.34,78,44,6.29,NG,2021-10-26 23:32:29,scattered clouds
655,Sorong,-0.8833,131.25,82.09,78,85,4.76,ID,2021-10-26 23:32:30,overcast clouds
656,Praia Da Vitoria,38.7333,-27.0667,71.76,88,40,24.52,PT,2021-10-26 23:32:30,scattered clouds
657,Port Blair,11.6667,92.75,77.04,94,75,2.3,IN,2021-10-26 23:27:54,mist
658,Yeppoon,-23.1333,150.7333,80.38,64,2,9.98,AU,2021-10-26 23:32:31,clear sky
659,Kanodar,24.1,72.3833,72.86,55,7,5.01,IN,2021-10-26 23:32:31,clear sky
660,Esna,25.2934,32.554,73.42,25,48,6.87,EG,2021-10-26 23:32:32,scattered clouds
661,Morden,49.1919,-98.1014,53.46,37,100,14.97,CA,2021-10-26 23:27:44,overcast clouds
662,Teapa,17.55,-92.95,91.02,90,57,2.86,MX,2021-10-26 23:32:32,broken clouds
663,Provost,52.3501,-110.2683,60.22,34,29,3.87,CA,2021-10-26 23:32:33,scattered clouds
664,Achutupo,9.2,-77.9833,79.72,87,98,7.83,PA,2021-10-26 23:32:33,overcast clouds
665,Akyab,20.15,92.9,77.43,84,94,5.39,MM,2021-10-26 23:32:34,overcast clouds
666,Pisco,-13.7,-76.2167,62.65,77,0,18.41,PE,2021-10-26 23:32:34,clear sky
667,Te Anau,-45.4167,167.7167,58.71,68,100,3.49,NZ,2021-10-26 23:32:34,moderate rain
668,Paamiut,61.994,-49.6678,37.29,54,0,7.38,GL,2021-10-26 23:32:35,clear sky
669,Chiusi,43.016,11.9475,54.37,88,99,3.56,IT,2021-10-26 23:32:35,overcast clouds
670,Westerland,54.9079,8.3033,57.22,94,75,17.27,DE,2021-10-26 23:32:36,broken clouds
671,Tessalit,20.1986,1.0114,82.27,17,55,7.9,ML,2021-10-26 23:32:36,broken clouds
672,Turukhansk,65.8167,87.9833,21.29,89,100,19.39,RU,2021-10-26 23:32:37,light snow
673,Floro,61.5996,5.0328,50.97,87,90,18.41,NO,2021-10-26 23:32:37,moderate rain
674,Killybegs,54.6333,-8.45,55.45,88,100,15.55,IE,2021-10-26 23:32:38,overcast clouds
675,College,64.8569,-147.8028,31.59,92,90,0.0,US,2021-10-26 23:30:38,overcast clouds
676,Kattivakkam,13.2167,80.3167,78.89,75,89,9.6,IN,2021-10-26 23:32:39,overcast clouds
677,Puri,19.8,85.85,75.72,87,0,11.56,IN,2021-10-26 23:32:39,clear sky
678,Fomboni,-12.28,43.7425,78.62,80,34,6.29,KM,2021-10-26 23:32:40,scattered clouds
679,Urucara,-2.5364,-57.76,79.38,77,62,2.57,BR,2021-10-26 23:32:40,moderate rain
